{
    "total_pdfs": 2,
    "successful_pdfs": 2,
    "failed_pdfs": 0,
    "success_rate": 100.0,
    "total_time_ms": 68516.97111129761,
    "wall_clock_time_ms": 68516.97111129761,
    "total_chars": 266006,
    "total_pages_processed": 106,
    "avg_latency_ms": 34258.485555648804,
    "avg_fps": 0.029189848406334828,
    "avg_cps": 3882.3374075877514,
    "avg_pps": 1.547061965535746,
    "real_qps": 0.029189848406334828,
    "pdf_results": [
        {
            "filename": "Song_DefectFill_Realistic_Defect_Generation_with_Inpainting_Diffusion_Model_for_Visual_CVPR_2025_paper.pdf",
            "latency_ms": 12811.469078063965,
            "fps": 0.07805506096972271,
            "cps": 2953.3693419113984,
            "pps": 0.7805506096972271,
            "char_count": 37837,
            "total_pages": 10,
            "rendered_pages": 10,
            "file_size_mb": 5.99615478515625
        },
        {
            "filename": "book-rev7.pdf",
            "latency_ms": 55705.50203323364,
            "fps": 0.01795154811464413,
            "cps": 4095.986781770236,
            "pps": 1.7233486190058362,
            "char_count": 228169,
            "total_pages": 96,
            "rendered_pages": 96,
            "file_size_mb": 0.9912090301513672
        }
    ],
    "runs_per_pdf": 1,
    "concurrency": 1,
    "pdf_dpi": 150,
    "pdf_max_pages": 100,
    "min_latency_ms": 12811.469078063965,
    "max_latency_ms": 55705.50203323364,
    "p50_latency_ms": 55705.50203323364,
    "p90_latency_ms": 55705.50203323364,
    "p99_latency_ms": 55705.50203323364
}