{
    "avg_inference_ms": 152.88427703333335,
    "chars_per_second": 15312.235145603572,
    "filename": "image_9.png",
    "fps": 6.540894978899433,
    "rec_scores": [
        0.9038863778114319,
        0.9992175102233887,
        0.9511110186576843,
        0.9982729554176331,
        0.9955443143844604,
        0.9562581181526184,
        0.9827753901481628,
        0.9747125506401062,
        0.9980075359344482,
        0.9834953546524048,
        0.9891334176063538,
        0.9974760413169861,
        0.9686064124107361,
        0.9631311297416687,
        0.9380438327789307,
        0.928129255771637,
        0.5940493941307068,
        0.9654505252838135,
        0.9185254573822021,
        0.9008057117462158,
        0.8708532452583313,
        0.9292098879814148,
        0.9761530756950378,
        0.8658115863800049,
        0.9594663977622986,
        0.9817222356796265,
        0.5082197189331055,
        0.9948151111602783,
        0.9390394687652588,
        0.9538649916648865,
        0.9872595071792603,
        0.9664361476898193,
        0.9929990172386169,
        0.9238869547843933,
        0.9729987978935242,
        0.9805424809455872,
        0.5471819043159485,
        0.9952982068061829,
        0.9740971326828003,
        0.9824492931365967,
        0.9943757057189941,
        0.9274389743804932,
        0.9790604710578918,
        0.9506331086158752,
        0.5139262676239014,
        0.9887303709983826
    ],
    "rec_texts": [
        "221世纪教育",
        "中小学教育资源及组卷应用平台",
        "广安市 2024 年中学业水平考试试题",
        "语文",
        "注意事项：",
        "1.本试卷分为试题卷(1-8页)和答题卡两部分。考试时间120 分钟，满分120 分。",
        "2.．考生答题前，请先将姓名、准考证号等信息用黑色墨迹签字笔填写在答题卡上的指定",
        "位置，待监考老师粘贴条形码后，认真核对条形码上的姓名、准考证号与自己的准考证",
        "上的信息是否一致。",
        "3.请将选择题答案用2B铅笔填涂在答题卡上相应的位置，非选择题答案用0.5毫米黑",
        "色墨迹签字笔答在答题卡上的相应位置。超出答题区域书写的答案无效，在草稿纸、试",
        "题卷上答题无效。",
        "4.考试结束，监考人员必须将参考学生和缺考学生的答题卡、试题卷一并收回。",
        "一、积累与运用（33分）",
        "(一）选择题（1-6题，每小题2分，共12分）",
        "1．下列情境中，加点字的字音和字形完全正确的一项是（",
        "）",
        "端午刚过，夏至将至。初夏之校园①静谧(mi)悠然，万物并秀。我们如百卉之初绽，精神焕发，",
        "踌躇满志，踏入考场，迎接挑战；我们如朝阳之喷薄，胸有成竹，浏览试卷，仔细②斟灼（zhēng zuó)，",
        "③酝酿(liàng)答案；我们如泰山之沉稳，心无④旁骛(wù)，完成试卷，精益求精，书写灿烂。",
        "我们将以优异的成绩，去$抱更美好的明天！",
        "A.①",
        "B.②",
        "C.③",
        "D.④",
        "2.下列情境中，加点成语使用不恰当的一项是（",
        "）",
        "新时代，新征程，新使命，新业绩。广安市文旅事业蓬勃发展，取得了令人瞩目的成绩：华山",
        "青峰绵延，奇石嶙峋，登临绝顶，令人①心旷神怡；天意谷洞中天河，悬泉飞瀑，②巧夺天工，令人",
        "③叹为观止；小平故里兰白菊黄，松青柏翠，静穆庄严，令人肃然起敬……中外游客④络绎不绝，广",
        "安人民倍感骄傲和自豪！",
        "A.①",
        "B.②",
        "C.③",
        "D.④",
        "3.下列语境中，没有语病的一项是(",
        "）",
        "①学生安全是否得到保障，关键在于思想认识到位。②严禁不要忽视学校的各项安全制度。③只",
        "有遵守各项安全制度，就能更好地成长。④安全无小事，责任重于泰山。",
        "A.①",
        "B.②",
        "C.③",
        "D.④",
        "4.下列情境中，标点符号使用规范的一项是（",
        "）",
        "21世纪教育网(www.21cnjy.com)"
    ],
    "runs": 3,
    "total_chars": 2341
}