{
    "avg_inference_ms": 152.88427703333335,
    "chars_per_second": 14494.623273241144,
    "filename": "image_12.png",
    "fps": 6.540894978899433,
    "rec_scores": [
        0.890999436378479,
        0.5921687483787537,
        0.6534829139709473,
        0.9164921641349792,
        0.4390747547149658,
        0.9711878299713135,
        0.9986670017242432,
        0.9760728478431702,
        0.9606860876083374,
        0.9991607666015625,
        0.9994578957557678,
        0.37881237268447876,
        0.8231126666069031,
        0.9721172451972961,
        0.8911933302879333,
        0.9987421035766602,
        0.9803560972213745,
        0.3184443712234497,
        0.4856376647949219,
        0.9935532212257385,
        0.9933452606201172,
        0.9797646403312683,
        0.7743921279907227,
        0.9672232866287231,
        0.9255604147911072,
        0.9680874943733215,
        0.9803211688995361,
        0.9341561794281006,
        0.8755616545677185,
        0.8238945603370667,
        0.9532129764556885,
        0.9823416471481323,
        0.9547247886657715,
        0.9775151610374451,
        0.9565691351890564,
        0.9802586436271667,
        0.9797413349151611,
        0.9818553924560547,
        0.9856024384498596,
        0.5616642236709595,
        0.9938709139823914,
        0.9702885150909424,
        0.8696283102035522,
        0.9726740121841431,
        0.9714445471763611,
        0.995943546295166,
        0.9740622639656067,
        0.9652469158172607,
        0.9813209176063538,
        0.9817368388175964,
        0.977284848690033,
        0.99318528175354,
        0.9515916705131531,
        0.9734288454055786,
        0.9839074015617371,
        0.995289146900177,
        0.9618629813194275
    ],
    "rec_texts": [
        "新询报科·广告020-87360888发行服务热线：4008一921-921",
        "S",
        "NANEAN",
        "南方日",
        "事：",
        "1978~2018",
        "高",
        "度",
        "决",
        "定",
        "影",
        "响",
        "力",
        "广东改革开放40周年展览1978-",
        "(1978一2018)广东改革开放40周年展览合影留念",
        "坚定不移走改革开放这条",
        "正确之路，強国之路，富民之路。",
        "1",
        "timsos",
        "改革开放，是我们党的历史上一次伟大觉醒，孕育了新时期从理论到实践的伟大创造。谨以此展献给改革开放40周年！",
        "深圳改革开放展览馆",
        "“大潮起珠江”改革开放主题展",
        "•广东浙南海，毗港澳，华併众多，自",
        "●党的十八大开启了中国特色社会主义新时代",
        "●大潮起珠江，历史选择了广东，广东无",
        "古就是我国对外经济和文化交流的重晏窗",
        ",以习近平同志为核心的党中央继续高举改",
        "于历史。广东在改革开放大潮的洗礼中续",
        "口。近代以来，广东人更是层开风气之先",
        "革升放伟大，锐把$新时代社会主要",
        "发新生，从一个经济落后的边睡省份，",
        ",走出了一大批引领变革图强的时代先驱",
        "矛盾变化对改革发展提出的新要求，以更大",
        "跃成为全国第一经济大省，以开放自信",
        "。党的十一届三中全会的强劲东风,在南",
        "的政治勇气和智慧推进全面深化改革、扩大",
        "充满活力的崭新姿态走向世界、迈向现代",
        "海之滨掀起了思想解放的大潮。",
        "开放,完善和发展中国特色社会主义制度,",
        "化0国",
        "推进国家治理体系和治理能力现代化。",
        "⚫面对“什么是社会主义、怎样建设社会主",
        "义”这一时代之问，拥有特人緣地緣优",
        "●本展览按历史进程分为“一、敢为人先勇",
        "势和“敢为人先”文化基因的广东,把握",
        "立潮头”、",
        "“二、增创优势砥砺前行”",
        "历史脉搏,改革开放先行一步,率先创办",
        "“三、走在前列当好窗口”三个阶段，生",
        "特区,为探索社会主义中国“富起来”之",
        "动展现了波壮阔的改革开放历史。改革开",
        "路发挥排头兵、先行地、实验区作用。每",
        "放,是我们党的历史上一次伟大觉醒,正是",
        "当历史紧要关头,广东都会得到党中央的",
        "这个伟大觉醒，孕育了新时期从理论到实践",
        "亲切关怀和大力支持",
        "的伟大创造。"
    ],
    "runs": 3,
    "total_chars": 2216
}