{
    "avg_inference_ms": 152.88427703333335,
    "chars_per_second": 196.226849366983,
    "filename": "image_5.png",
    "fps": 6.540894978899433,
    "rec_scores": [
        0.9978997111320496,
        0.9940957427024841,
        0.9963187575340271
    ],
    "rec_texts": [
        "君缘2018",
        "私房菜",
        "TEL33636717"
    ],
    "runs": 3,
    "total_chars": 30
}