{
    "avg_inference_ms": 152.88427703333335,
    "chars_per_second": 1000.7569317716133,
    "filename": "image_16.png",
    "fps": 6.540894978899433,
    "rec_scores": [
        0.9837786555290222,
        0.8867753148078918,
        0.9730726480484009,
        0.9373341202735901,
        0.9321091771125793,
        0.9527879953384399,
        0.8292555809020996,
        0.9739060401916504,
        0.8664594292640686
    ],
    "rec_texts": [
        "我和谁都不争",
        "和谁争我都不局；",
        "我爱大自然",
        "其次就是艺术",
        "我双手烤着，",
        "生命之火取暖；",
        "火萎了，",
        "我也准备走了。",
        "蓝德"
    ],
    "runs": 3,
    "total_chars": 153
}