{
    "avg_inference_ms": 152.88427703333335,
    "chars_per_second": 137.35879455688809,
    "filename": "image_1.png",
    "fps": 6.540894978899433,
    "rec_scores": [
        0.7572162747383118
    ],
    "rec_texts": [
        "广东省钢放研究"
    ],
    "runs": 3,
    "total_chars": 21
}