{
    "avg_inference_ms": 152.88427703333335,
    "chars_per_second": 7240.770741641672,
    "filename": "image_7.png",
    "fps": 6.540894978899433,
    "rec_scores": [
        0.921617329120636,
        0.9363754987716675,
        0.9448744654655457,
        0.9600211977958679,
        0.9663985371589661,
        0.9797950983047485,
        0.9026815295219421,
        0.8346298336982727,
        0.8299530148506165,
        0.9065684080123901,
        0.9102195501327515,
        0.9808501601219177,
        0.9044510126113892,
        0.7555823922157288,
        0.5313324332237244,
        0.9621015787124634,
        0.7695645093917847,
        0.5193105936050415
    ],
    "rec_texts": [
        "十、阅读下面的一段话，完成段后的习题。（力",
        "你一小时能走多选？6公里？4公里？还是4米？“4米？”你",
        "也许会说，“那太慢了，简直像蜗牛一样！”你说得不错，有一种在地",
        "上生活的蜗牛一小时只能走大约4米，跟人比起来，这真是够慢的。",
        "但人要是背着房于走，也许就不会这么想了。而蜗牛恰恰是背着“房",
        "子”爬行的。它的“房子”就是贴在它背部中央的那只壳",
        "1.蜗牛爬行有两个特盛(1）牛爬行的速度慢",
        "(2)蜗提背着房子测行的",
        "。(2分)",
        "2.这段话用列数字、举子人此方法说明蜗牛爬行的速度慢",
        "用比较的说明方法说明蜗牛背着壳爬行。(1分)",
        "3.文中比”的词“只”“大约”去掉后,句子也是完整的,可",
        "以去掉吗？为什么？（3分）",
        "客：不能去掉，突出不了说用文的准确发性、利学性、严描性",
        "说用也爬行过变慢",
        ".这段话开头连用五个问句,这样开头有何妙处？(2分)",
        "答：这运用了反问。为了增翻语气，赶调了蚂牛把行慢。",
        "施读者寒考意，引出下政"
    ],
    "runs": 3,
    "total_chars": 1107
}