{
    "avg_inference_ms": 152.88427703333335,
    "chars_per_second": 13801.288405477804,
    "filename": "image_14.png",
    "fps": 6.540894978899433,
    "rec_scores": [
        0.8267452120780945,
        0.9979906678199768,
        0.9742165803909302,
        0.948018491268158,
        0.9467889070510864,
        0.9767187833786011,
        0.9650546908378601,
        0.9686036705970764,
        0.9972512125968933,
        0.9763999581336975,
        0.9915885329246521,
        0.992178738117218,
        0.9995403289794922,
        0.9981191754341125,
        0.9872183799743652,
        0.9985344409942627,
        0.9999768733978271,
        0.9999257326126099,
        0.9969954490661621,
        0.9994319081306458,
        0.985153317451477,
        0.9503036737442017,
        0.999561607837677,
        0.9830561280250549,
        0.9906593561172485,
        0.46261897683143616,
        0.9969854354858398,
        0.9976131916046143,
        0.9890653491020203,
        0.9889914393424988,
        0.9736115336418152,
        0.8633062243461609,
        0.9944087862968445,
        0.9961308240890503,
        0.9684604406356812,
        0.9984384179115295,
        0.992217481136322,
        0.9986365437507629,
        0.8852765560150146,
        0.9997279047966003,
        0.9272075891494751,
        0.9988820552825928,
        0.9416475296020508,
        0.9983787536621094,
        0.9984002113342285,
        0.9975341558456421,
        0.995276689529419,
        0.9854013323783875,
        0.9470411539077759,
        0.9184216260910034,
        0.3934839069843292,
        0.9992114305496216,
        0.9427710771560669,
        0.9966578483581543,
        0.9986624121665955,
        0.9990983009338379,
        0.9994122385978699,
        0.9977127313613892,
        0.9624565243721008,
        0.9756141901016235,
        0.9944410920143127,
        0.9951911568641663,
        0.9979953765869141,
        0.9833542704582214,
        0.9846934080123901
    ],
    "rec_texts": [
        "004",
        "第一章社会保障的制度结构",
        "第二节中国社会保障体系的项目成",
        "中国的社会保障体系由四大部分组成:社会保险",
        "-基本保障，保障劳动者因失去",
        "劳动能力从而失去工资后仍能维持基本生活；社会救助一一最低层次的社会保障，保障社",
        "会成员的生存需要；社会福利—增进城乡全体居民生活福利的高层次社会保障；社会优",
        "抚——特殊性质的社会保障,保障为社会做出贡献和牺牲的军人及其眷属的基本生活。社",
        "会保障制度的这几个组成部分构成一个相对完整的社会安全网络。中国社会保障制度项",
        "目构成如图1-2所示。",
        "社会保障制度",
        "社会保险制度",
        "社会救助制度",
        "社会福利制度",
        "社会优抚体系",
        "受",
        "医",
        "用",
        "选",
        "退",
        "现",
        "伤",
        "军",
        "失业保险",
        "工伤保险",
        "灾",
        "基本养老保险",
        "基本医疗保险",
        "长期护理保险",
        "教育救",
        "住房救",
        "临时救",
        "公共福利",
        "民政福利",
        "役军",
        "人",
        "最低生活保障",
        "助",
        "助",
        "助",
        "特困人员救助供养",
        "人员救助",
        "就业救助",
        "助",
        "人单位福利",
        "择性福利",
        "伍军人就业安",
        "残烈属抚恤",
        "人及其家属优待",
        "人退休生活保障",
        "置",
        "资金保障",
        "政策、财政支持",
        "服务供给",
        "社区落实",
        "图1-2中国社会保障制度项目构成",
        "一、社会保险",
        "社会保险是一种为丧失劳动能力或暂时失去劳动岗位的人提供的收入保险计划",
        "由政府举办,强制从业职工在其就业年份里拨出一部分收入缴纳保险税(费)作为保险基",
        "金,投保者缴纳社会保险税(费)满一定期限后,一旦由于保险计划规定的原因丧失劳动能",
        "力或失去工作岗位而导致收入中断或减少时，即可按照规定领取保险津贴。社会保险项目",
        "主要有：养老保险、失业保险、医疗保险、工伤保险、长期护理保险等。",
        "社会保险是社会保障体系的主体和发展重点。原因在于社会保险覆盖的对象是创造",
        "社会财富、决定经济增长的人口群体一一劳动者，具体地说包括从事第一产业、第二产业、",
        "第三产业的农民、工人和各种各样的服务工作者以及国家与地方的公务员，一般不包括那"
    ],
    "runs": 3,
    "total_chars": 2110
}