{
    "avg_inference_ms": 152.88427703333335,
    "chars_per_second": 17640.79375809177,
    "filename": "image_11.png",
    "fps": 6.540894978899433,
    "rec_scores": [
        0.9551512002944946,
        0.994034469127655,
        0.9760763049125671,
        0.8866009712219238,
        0.9537979364395142,
        0.9601335525512695,
        0.9991310834884644,
        0.8988890051841736,
        0.9700153470039368,
        0.9952279329299927,
        0.938230037689209,
        0.7586570978164673,
        0.8774946331977844,
        0.9003320932388306,
        0.9865669012069702,
        0.8349534273147583,
        0.938058614730835,
        0.8773806691169739,
        0.9320345520973206,
        0.8735074996948242,
        0.9751717448234558,
        0.9381116628646851,
        0.9680169224739075,
        0.8449234962463379,
        0.9138727784156799,
        0.9988585114479065,
        0.9148445725440979,
        0.9726938009262085,
        0.9989355802536011,
        0.8922308087348938,
        0.9972116351127625,
        0.9401026368141174,
        0.9308679103851318,
        0.8914292454719543,
        0.860816478729248,
        0.9960830211639404,
        0.9239845871925354,
        0.9058170914649963,
        0.9445205330848694,
        0.9582008123397827,
        0.9229012727737427,
        0.9147020578384399,
        0.9776570200920105,
        0.9185255765914917
    ],
    "rec_texts": [
        "共同开辟和平、安全、繁荣、进步的光明前景",
        "解码全球治理倡议的世界意义",
        "本报记者龚鸣屈佩",
        "“我愿提出全球治理 议，同各国一道，推动构建更加",
        "多极化、国际关系民主化的时代大势，应各国人民求和平",
        "公正合理的全球治理体系，手迈向人类命运共同体。”9月",
        "谋发展、促合作的共同呼声。",
        "1日，习近平主席在天津主持“上海合作组a+”会议并发表",
        "全治理格局取决于国际力量对比，全治理体系变革",
        "重要讲话，郑重提出全球治理倡议。",
        "源于国际力量对比变化。着国际力量对比消长变化和全球",
        "全球治理被是全发展议、全安全 议、全球文",
        "战日益增多，加強全治理、推动全治理体系变革是大",
        "明议后，中国为世界贡献的又一重要国际公共产品。奉行",
        "势所趋。",
        "主权平等,遵守国际法治，践行多边主叉，导人为本，注重",
        "“全球经济治理体系必须反映世界经济格局的深刻变化，",
        "行动导向，全球治理 议聚焦“构建什么样的全球治理体系，",
        "增加新兴市场国家和发展中国家的代表和发言权。”2013年",
        "如何改華完善全治理\"这个時代保题，以维护联合国宪章宗",
        "3月，习近平主席在接受金砖国家体联合采访时指出：",
        "旨和原则，践行共商共建共享的全球治理观为基本遵，展现",
        "“新兴市场国家和发展中国家希望全经济治理体系更完",
        "中国定做世界和平的设者、全球发展的贡者、国际秩序",
        "善、更符合世界生产力发展要求、更有利于世界各国共同",
        "的维护者的大国胸怀与担当。",
        "发展。\"",
        "全球治理体制变革离不开理念的引。2015年10月，",
        "“坚持在历史前进的逻辑中前进、",
        "中共中央政治局全球治理局和全球治理体制进行集体",
        "在时代发展的潮流中发展”",
        "学习，习近平总书记造性提出共商共建共享的全球治理",
        "理念，为全治理体系变革阐明基本原则。",
        "枸建什么样的全球治理体系、如何改革完善全球治理，",
        "共商共建共享，意着全球治理的事清大家一起商量着",
        "始终是习近平主席心之所系。",
        "办，更加完善的全治理体系大家一起建设，由此产生的成果",
        "“历史告诉我们,越是困难时刻,越要秉持和平共处的",
        "由大家一起分享。“这一理念彰显中国导人的全球视野和政",
        "初心，坚定合作共赢的信心，坚持在历史前进的逻辑中前进、",
        "治智慧，有利于強化各国的命运共同体意识，通过商谷作应",
        "在时代发展的潮流中发展。全球治理 议的提出，应世界",
        "对挑战。”国际人士如是评价。",
        "（下转第三版）"
    ],
    "runs": 3,
    "total_chars": 2697
}