{
    "avg_inference_ms": 152.88427703333335,
    "chars_per_second": 7986.432769236208,
    "filename": "image_8.png",
    "fps": 6.540894978899433,
    "rec_scores": [
        0.9783709645271301,
        0.9941967725753784,
        0.9994242787361145,
        0.6149385571479797,
        0.9753319621086121,
        0.9947331547737122,
        0.988154947757721,
        0.7104093432426453,
        0.9867346882820129,
        0.9499353766441345,
        0.9697571992874146,
        0.999342143535614,
        0.8681449294090271,
        0.9535403847694397,
        0.9869143962860107,
        0.9920039176940918,
        0.9911798238754272,
        0.9674418568611145,
        0.9945021271705627,
        0.984381914138794,
        0.9924061298370361,
        0.9943265914916992,
        0.7861068844795227,
        0.9696611166000366,
        0.9637737274169922,
        0.973542332649231,
        0.940952718257904,
        0.9833922386169434,
        0.9444860816001892,
        0.9981403946876526,
        0.7147852778434753,
        0.9895437955856323,
        0.7752623558044434
    ],
    "rec_texts": [
        "2019 年普通高等学校招生全国统一考试",
        "语文试题参考答案",
        "现代文阅读",
        "（一)",
        "1.B",
        "2.D",
        "3.D",
        "(二)",
        "4.A",
        "5.C",
        "6.①档案文件形成的年代久远；②档案文件的纸张严重酸化；③毛里求斯的气候",
        "湿热多雨,不利于档案文件的保存。",
        "(三)",
        "7.D",
        "8.①形象描写。将禹及其随员描写为“乞丐似的大汉”,写出艰苦卓绝的实干家",
        "形象。②言行描写。文中的禹坚毅寡言,一旦说话,则刚直有力。③对比手法。始终在",
        "同众大员的对比中塑造禹及其随员，从而凸显其“中国的脊梁”形象。",
        "9.①大禹治水的“故事”本身于史有据，作品查考典籍博采文献，富有历史韵；",
        "②“新编”表现为新的历史讲述方式,如细节虚构、现代语词掺入、杂文笔法使用,作",
        "品充满想象力及造性；③对“故事”进行“新”，着眼于对历史与现实均作出观照，",
        "作品具有深刻的思想性。",
        "二、古代诗文阅读",
        "(一)",
        "10.C",
        "11.A",
        "12.C",
        "13.(1）于是说贾谊坏话道：“洛阳之人，年轻学浅，一味想独揽权力，使事情变",
        "得复杂混乱。”",
        "(2) 贾生屡次上奏,说诸侯封地有的接连数郡,不合古代制度,可以逐渐削减",
        "其封地。",
        "(二)",
        "14.C",
        "-11"
    ],
    "runs": 3,
    "total_chars": 1221
}