{
    "avg_inference_ms": 152.88427703333335,
    "chars_per_second": 1602.519269830361,
    "filename": "image_17.png",
    "fps": 6.540894978899433,
    "rec_scores": [
        0.981597900390625,
        0.9822126626968384,
        0.9415252208709717,
        0.9919704794883728,
        0.9782279133796692,
        0.9820980429649353,
        0.9401453733444214,
        0.9809375405311584,
        0.9600836634635925,
        0.32982081174850464,
        0.9982587695121765,
        0.9409943222999573,
        0.999873161315918,
        0.9880819320678711,
        0.6306267976760864
    ],
    "rec_texts": [
        "晓出净慈寺送林子方",
        "宋杨万里",
        "毕竞西湖六月中，",
        "风光不与四时同。",
        "接天莲叶无穷碧",
        "映日荷花别样红",
        "四时田园杂兴宋范成大",
        "昼出耘田夜绩麻",
        "村庄儿女各当家",
        "o",
        "童孙未解供",
        "耕",
        "织",
        "也傍桑阴学种瓜",
        "0"
    ],
    "runs": 3,
    "total_chars": 245
}