{
    "avg_inference_ms": 152.88427703333335,
    "chars_per_second": 8208.823198518789,
    "filename": "image_10.png",
    "fps": 6.540894978899433,
    "rec_scores": [
        0.997811496257782,
        0.998665452003479,
        0.9880607724189758,
        0.9947541356086731,
        0.998906135559082,
        0.9774848818778992,
        0.978607177734375,
        0.9854610562324524,
        0.9946439266204834,
        0.9921729564666748,
        0.9592703580856323,
        0.9726325869560242,
        0.9767165184020996,
        0.9202743768692017,
        0.9859148263931274,
        0.9873329401016235,
        0.9996259808540344,
        0.9695927500724792,
        0.9881263375282288
    ],
    "rec_texts": [
        "主权的形成和性质",
        "主权的形成",
        "在主权这个概念明确提出来之前，政治统治中的最高权",
        "力曾以各种形式在历史上出现过。主权是这种政治统治权发",
        "展到一定阶段的产物。",
        "国家和国家权力的产生与阶级的产生有密切的关系。在",
        "原始社会，不存在作为一个阶级统治另一个阶级、具有压迫和",
        "强制性质的公共权力，只有相对较高的社会权威。史诗《吉尔",
        "伽美什和阿伽》反映出公元前三世纪幼发拉底河和底斯里斯",
        "河流域南部军事民主制的状况，其中有这样的描写：吉尔伽美",
        "什和阿伽都是“王”,即部落军事领袖，在决定重大问题时，他",
        "们必须向长老征求意见。可见，长老会比“王”们享有更高的",
        "权威。后来，随着社会经济的发展，军事领袖和部落中的贵族",
        "在战争中变得富有了。随着他们财富的聚，他们的权力日",
        "益扩大。生产力的发展和私有制的产生造成了阶级和阶级的",
        "对立，原始社会崩了，进入了奴隶社会，权力的性质也随之",
        "发生了变化。",
        "虽然原始社会和奴隶社会均有一种最高性质的权力，但",
        "是这是两种不同性质的权力。在原始社会中，氏族首领的权"
    ],
    "runs": 3,
    "total_chars": 1255
}