{
    "avg_inference_ms": 152.88427703333335,
    "chars_per_second": 25339.427148256404,
    "filename": "image_6.png",
    "fps": 6.540894978899433,
    "rec_scores": [
        0.9182823300361633,
        0.9979759454727173,
        0.9403966665267944,
        0.9107537269592285,
        0.9898617267608643,
        0.9996569156646729,
        0.9754615426063538,
        0.7667075395584106,
        0.9846989512443542,
        0.9609203338623047,
        0.9985795021057129,
        0.9650163650512695,
        0.9411432147026062,
        0.9279431104660034,
        0.9549099802970886,
        0.9721885919570923,
        0.9829221367835999,
        0.9689305424690247,
        0.9484953880310059,
        0.9792239665985107,
        0.9892666339874268,
        0.9793516993522644,
        0.9861600995063782,
        0.9920554757118225,
        0.9674479961395264,
        0.992936909198761,
        0.8967137336730957,
        0.9835465550422668,
        0.9748057126998901,
        0.9702786803245544,
        0.9902195930480957,
        0.991217851638794,
        0.9762630462646484,
        0.9928895235061646,
        0.9720901846885681,
        0.9739646911621094,
        0.985434889793396,
        0.9829120635986328,
        0.942405104637146,
        0.9781634211540222,
        0.977340817451477,
        0.9019648432731628
    ],
    "rec_texts": [
        "成都石室中学2023-2024学年度上期高2024屆11月半期考试",
        "语文",
        "(全卷满分150分，考试时间150分钟)",
        "注意事项：",
        "1.答卷前，考生务必将自己的姓名、准考证号等填写在本试卷和答题卡相应位置上。",
        "准考证号",
        "2.作答选择题时，选出每小题答案后，用2B铅笔把答题卡上对应题目的答案标号徐黑；如",
        "震动，用度千后，再选其他答案。答案不能答在试卷上。",
        "3. 非选择题必须用黑色字迹的钢笔或签字笔作答。答案必须写在答题卡各题目指定区域",
        "内相应位置上；如需改动,先画掉原来的答案,然后再写上新答案；不准使用铅笔和涂改液。不",
        "按以上要求作答无效。",
        "4.考生必须保证答题卡的整洁。考试结束后，将试卷和答题卡一并交回。",
        "一、现代文阅读(36分)",
        "(一)论述类文本阅读(本题共3小题，9分)",
        "阅读下面的文字，完成1～3题。",
        "应制文学并非文学主流，但它确实流淌在浩瀚的中国古代文学的长河之中。以诗为例，南",
        "北朝沈约有《三日侍凤光殿曲水宴应制诗》，宋欧阳修有《观龙图阁三圣御书应制》，清纳兰性德",
        "有《拟冬日景忠山应制》，等等。就体类而言，汉大赋、永明体、宫体诗、骄文、花间词、西昆体、台",
        "阁体，八股文等诸体堪称代表。就传统评判标准（兼具恩想性和艺术性)而言，应制文学常常是",
        "被否定的，但客观理性分析，这类文学在中国文学发展史上仍占重要地位，具有经典特质，也是",
        "宝贵的文学遗产。",
        "丹纳认为文学经典作品有两个最主要的恩想特征：一是最高尚的心灵达到了其时代的最高",
        "真理，二是表现了人类共同的感情。应制文学就具有这样的特质。比如汉赋实质上是对汉一代",
        "人精神特质的把握，它体现了汉代鼎盛时期那种积极进取、蓬勃向上的主流文化精神。仪平策",
        "说，汉大赋“较全面地展现了天没王朝大一统的社会意志以及士人阶层「兴造功业’的文化心",
        "态”。从根本上说，汉大赋就是宏大广阔、统一强盛的汉代社会现实和士人文化心态的一种文学",
        "反映，而并非单单滿足統治者需要的“堂文学”",
        "从中国古代文学经典的实际情况来看，艺术审美要素主要表现在两个方面：一是高扬审美",
        "理想，一是艺术表现方式具有开创性或独特性。前者要求思想境界的崇高和艺术趣味的高雅，",
        "体现艺术作品的追求和品位；后者要求艺术表现方式的开拓和创新，使作品内容得到完美而恰",
        "到好处的表现。可以说，应制文学在新的文学理论研究语境及视角中，不仅具有传统评价中的",
        "“雅俗结合的典范”“文采繁华”“音乐美感”等价值，而且它在一定程度上再现了当时的社会经济",
        "状况，也影响着后继文化与文学传承。比如骈文，它整齐的句式、华美的词藻、对称的结构等特",
        "点将形式美的规律在文学中的应用推向了一个新的阶段。就应制文学作家而言，司马相如、沈",
        "约、谢跳、温庭筠、韦庄等，他们对文学创新的探索与贡献都不可低估，他们作品的审美价值也比",
        "较高，甚至还得到了文学史家的青昧。",
        "应制文学涵括内容较为广泛，每一种文体都有其诞生的特定背景，同时它对民族文化精神,",
        "特别是审美精神的锻造产生了深远影响。比如宋初“开国文明气象”为“西昆体”诞生提供了丰",
        "厚的土壤。花间派词人所追求的婉丽柔密、妖媚温馨的艳婉美、阴柔美多为后世所借鉴一宋",
        "代词家晏殊、柳永、欧阳修、晏儿道、秦观、周邦彦乃至李清照等都借鉴了花间词凄婉柔美，缠绵",
        "11月半期考试·语文第1页",
        "命题人：成都石宣中学语文备深组"
    ],
    "runs": 3,
    "total_chars": 3874
}