{
    "avg_inference_ms": 152.88427703333335,
    "chars_per_second": 13788.206615520005,
    "filename": "image_19.png",
    "fps": 6.540894978899433,
    "rec_scores": [
        0.8656607866287231,
        0.994149386882782,
        0.9368051886558533,
        0.9232558608055115,
        0.9316160678863525,
        0.9759908318519592,
        0.9175861477851868,
        0.964350163936615,
        0.9278596639633179,
        0.9870554804801941,
        0.9784051775932312,
        0.9663367867469788,
        0.97031569480896,
        0.9311935901641846,
        0.9722703099250793,
        0.9763859510421753,
        0.9876232147216797,
        0.9832454323768616,
        0.9976773858070374,
        0.9325761198997498,
        0.976012647151947,
        0.9809094071388245,
        0.9933360815048218,
        0.9580557942390442,
        0.9639301896095276
    ],
    "rec_texts": [
        "S8",
        "第三章社会主义改造理论",
        "化道路。毛东指出，“资本主义道路，也可增产，但时间要长，而且是",
        "痛苦的道路。我们不资本主之，这是定了的”①。近代以来的历史证明，",
        "中国社会经济状况不允许走资本主义道路，如果资本主义职能成为帝国",
        "主义的附庸。而当时的时代条件和国际环境的新特点又促使中国人民选择",
        "走社会主义道路，中国華命的导力量也决定了中国必然走社会主之道",
        "路。因此，在20 世纪 50 年代中期实现国家工业化道路的选择上，中国不",
        "可能选择资本主义道路，而职能是选择社会主义道路。为了实现社会主义",
        "工业化，必须在充分利用原有工业潜力和进行新的工业建设的同时，对个",
        "体经济和私营资本主义工商业进行社会主义改造。",
        "党在过时期总路线的主要內容被括为“一化三改”。“一化”即社",
        "会主义工业化，“三改”即对个体农业、手工业和资本主义工商业的社会",
        "主义改造。它们之间相互联系，不可分离，可以比喻为鸟的“主体”和",
        "“两翼”。其中，“一化”是“主体”，“三改”是“两翼”，两者相辅相成、",
        "相互促进。这是一条社会主义建设和社会主义改造同时并举的路线，体现",
        "了社会主义工业化和社会主义改造的紧密结合，体现了解放生产力与发展",
        "生产力、变革生产关系与发展生产力的有机统一。",
        "2.党在过渡时期的总路线的理论依据",
        "马克思、恩格斯在立科学社会主义理论时，就提出了从资本主义社",
        "会向社会主义社会过的问题。他们在《共产党宣言》中指出：“工人",
        "命的第一步就是使无产阶级上升为统治阶级，争得民主。”“无产阶级将利",
        "用自己的政治统治，一步一步地夺取资产阶级的全部资本，把一切生产工",
        "具集中在国家即组织成为统治阶级的无产阶级手里，并且尽可能快地增加",
        "生产力的总量。”②他们认为，从资本主义社会到社会主义社会，需要经历"
    ],
    "runs": 3,
    "total_chars": 2108
}