{
    "avg_inference_ms": 152.88427703333335,
    "chars_per_second": 1314.719890758786,
    "filename": "image_13.png",
    "fps": 6.540894978899433,
    "rec_scores": [
        0.9951415657997131,
        0.9127300381660461,
        0.944541335105896,
        0.9424442052841187,
        0.9447852373123169,
        0.963514506816864,
        0.9996472597122192,
        0.9919246435165405,
        0.8856719136238098
    ],
    "rec_texts": [
        "每天都在练字",
        "但字没有写得很好",
        "更多的是一种情怀",
        "希望在笔与纸的碰撞中",
        "能找回真正的自己",
        "在这浮躁匆忙的日子里",
        "让心",
        "心安静下来",
        "享受片刻的宁静与清澈"
    ],
    "runs": 3,
    "total_chars": 201
}