{
    "avg_inference_ms": 152.88427703333335,
    "chars_per_second": 26549.4927193528,
    "filename": "image_15.png",
    "fps": 6.540894978899433,
    "rec_scores": [
        0.9984365701675415,
        0.9666824340820313,
        0.9754194021224976,
        0.8211236596107483,
        0.7802907824516296,
        0.797400951385498,
        0.88703852891922,
        0.8679866790771484,
        0.8023251891136169,
        0.877077043056488,
        0.7011834383010864,
        0.7669970393180847,
        0.7506882548332214,
        0.8065860867500305,
        0.834309995174408,
        0.8798919916152954,
        0.8453917503356934,
        0.9946575164794922,
        0.9883052110671997,
        0.8357328772544861,
        0.8848428726196289,
        0.8325431942939758,
        0.8467479944229126,
        0.8971319794654846,
        0.9745295643806458,
        0.7851769924163818,
        0.8165679574012756,
        0.7722676992416382,
        0.6963449716567993,
        0.833753764629364,
        0.738653838634491,
        0.9874264001846313,
        0.936922550201416,
        0.9493966698646545,
        0.9313561916351318,
        0.8242833018302917,
        0.9839497804641724,
        0.8500654697418213,
        0.8106508255004883,
        0.716999888420105,
        0.8179530501365662,
        0.9708199501037598,
        0.8097078800201416,
        0.790411651134491,
        0.9330651164054871,
        0.9050951600074768,
        0.9363746643066406,
        0.9759036302566528,
        0.9895044565200806,
        0.8670932650566101,
        0.9935877323150635,
        0.6160245537757874,
        0.9905568957328796,
        0.8127519488334656,
        0.9466956853866577,
        0.899134635925293,
        0.8986470103263855,
        0.9039672017097473,
        0.8417323231697083,
        0.779902458190918,
        0.8229665160179138,
        0.8732499480247498,
        0.9204925298690796,
        0.8017885088920593,
        0.8415154814720154,
        0.6506842374801636,
        0.873799204826355,
        0.8832379579544067,
        0.8453924059867859,
        0.7116084098815918,
        0.8316545486450195,
        0.763382077217102,
        0.7949570417404175,
        0.822875440120697,
        0.8242836594581604,
        0.8624081015586853,
        0.9401384592056274,
        0.952168881893158,
        0.8930820226669312,
        0.9731338024139404,
        0.93757563829422
    ],
    "rec_texts": [
        "把民族复兴伟业不断推向前进",
        "《南方》杂志编辑部",
        "本文责编/蒋玉",
        "9月3日.纪含中回人民m日争暨世反法",
        "气神。从“札杆子面出政权”到“农村包国",
        "西断战唯科80周年大会在北京天安广场電",
        "城市\"，党和人民的雅利是在马克思主义和中",
        "举行，习近平总书记出席大会並发表重要讲话強",
        "国華实际的一次次与新中不开道",
        "，时代，全国各族人民要在中国共产",
        "路的。在日战爭中，當既有团靖帶人民进",
        "党坚导下，传承和扬佛大抗部神，为以",
        "行æ卓斗$的男气，也有造运用持久",
        "中国式现代化全面$进国建设、民族复兴伟业",
        "战、山地击打击侵者的。強革开",
        "耐结奋斗！",
        "0，我们“着石头过河”出一片新天",
        "实现中华民族伟大复兴是近代以来中国人民",
        "地，彰显出“敢为人先”的精气神在开新局、",
        "最大的梦製。中国共产党白成立之日起，义",
        "谋新篇中的关键作用。",
        "无反负起这一历史便命。在日製爭中，面",
        "当今世面百年未有之大变局，“敢",
        "对生死存亡的民旅危，中国共产党身而出.",
        "为人先”的地方不是少了，而是更多了。要把",
        "高帶抗日民族統一战线的伟大.以中流砥",
        "新作为引发展的一沈力，面対新矛、新",
        "之安引全民抗战的洪流，帶中国人民收得",
        "战，竖決一体嗣机與，在科技白立白",
        "了近代以来反外啟人的次完全科。迎来",
        "強、发展生产力关領域收打耕、股闻",
        "中华民族走向复兴的历史新起点。",
        "新路，以科技自立自强进一步夯实民复兴坚实",
        "走过峥岁月，历经风雨洗礼，今天我们可",
        "根基。",
        "以白豪地實告：中华民佛大製兴势不可！但",
        "前进的道路上，需要厚植“江山就是人民”",
        "是，前进的道路不会是$，我们必准备经",
        "的为民杯。日战爭的到底是人民的",
        "受风高急至法的盈大考检。前进的道",
        "利，正是因为我í梵始终与人民心心印、同",
        "路上，必深人学习会习近平总书记重要讲话",
        "共，才e动员起人民能争的佛力。日",
        "神，更和奋发有为的密态投中国式現代化",
        "战争的利让我们白：人民，只有人民，才是",
        "设佛大实践，把民每兴伟业不断推向前进。",
        "创造世界历史的动力。今天，我们同应该说：",
        "前进的道路上，需要做好“越是艰险越向前”",
        "人民，只有人民，才是民复兴伟业最广泛、最",
        "的斗争准备。面对武装牙齿的侵略者，面对",
        "可靠的力量源泉。",
        "进路上的現雄险阻，我们終收于向国雄",
        "全心全意为人民服务，是中国共产党的根本",
        "版，勇于向“亮”，帶中国人民時过一",
        "宗旨。始终坚持人民立场，把人民在心中最高",
        "道又一道坎，段得一个又一个腓利，推动民族复兴",
        "位置，这是中华民族佛大宴兴的价值所在。要自",
        "光在前。这是號劍在中国共产党人血的神",
        "觉践行好新时代党的聯众路线，推动各项政帶",
        "。是百年奋斗历用中争炼出的宝贵品格。",
        "更和符合民意、近民心。要始终与人民地在",
        "前事不忘，后事之。越是近民复兴的",
        "一起、千在一起，不断实现好、作护好、发展好",
        "关节点，地是要高“越是眼险向前”的",
        "最广大人民根本利益，着力决人民众急难熱",
        "斗争神。要微扬狭相逄勇者的识力.",
        "盼问题，谱写人民至上的崭新筒章。",
        "“平坎域成大道”的斗争本，在矛冲",
        "历史的车轮向前，时代的迴响在耳",
        "突面前雎于迎难而上，在他机困难面前#于身",
        "肿。让我们紧密团结在以习近平同志为心的党",
        "而出，以“逝山开路、水架”的斗外和“",
        "中央国，从伟大战神中设取无惧风浪、",
        "石留印、抓铁有”的千劲，把斗争神人國",
        "前行的厚底气、窄“万众一心加",
        "职尽黄的全过，不断展現出中回式現代化光",
        "干”的奋进力量，以“功成不必在我，功成必",
        "灿烂的前景。",
        "定有我”的历史担当，不断把民族复兴伟业推",
        "前进的道路上，需要发扬“敢为人先”的",
        "向前进。"
    ],
    "runs": 3,
    "total_chars": 4059
}