{
    "avg_inference_ms": 420.21196349999997,
    "chars_per_second": 9309.587398265496,
    "filename": "image_6.png",
    "fps": 2.3797513799247176,
    "rec_scores": [
        0.995320737361908,
        0.9966573119163513,
        0.9882020950317383,
        0.9850363731384277,
        0.9979573488235474,
        0.9962583184242249,
        0.9777401685714722,
        0.9896156191825867,
        0.9932647943496704,
        0.9964722990989685,
        0.9982223510742188,
        0.9985939860343933,
        0.94234699010849,
        0.9332793354988098,
        0.9742944836616516,
        0.9934626817703247,
        0.9168062210083008,
        0.9926778078079224,
        0.9703150391578674,
        0.9744278788566589,
        0.9984613060951233,
        0.9931033253669739,
        0.9968895316123962,
        0.9912807941436768,
        0.9874022603034973,
        0.9918134808540344,
        0.9902077913284302,
        0.9717220067977905,
        0.9958223104476929,
        0.9978572130203247,
        0.9975572824478149,
        0.9889848232269287,
        0.9844955801963806,
        0.9928562641143799,
        0.9733386039733887,
        0.9955859184265137,
        0.9629480838775635,
        0.9094346165657043,
        0.9866388440132141,
        0.9951159954071045,
        0.9853305816650391,
        0.9498541951179504,
        0.9483364820480347,
        0.9910690784454346,
        0.9049185514450073
    ],
    "rec_texts": [
        "成都石室中学2023-2024学年度上期高2024届11月半期考试",
        "语文",
        "（全卷满分150分，考试时间150分钟）",
        "注意事项：",
        "1.答卷前，考生务必将自己的姓名、准考证号等填写在本试卷和答题卡相应位置上。",
        "2.作答选择题时，选出每小题答案后，用2B铅笔把答题卡上对应题目的答案标号涂黑；如",
        "准考证号",
        "需改动，用橡皮擦于净后，再选途其他答案。答案不能答在试卷上。",
        "3.非选择题必须用黑色字迹的钢笔或签字笔作答。答案必须写在答题卡各题目指定区域",
        "内相应位置上；如需改动，先画掉原来的答案，然后再写上新答案；不准使用铅笔和涂改液。不",
        "按以上要求作答无效。",
        "4.考生必须保证答题卡的整洁。考试结束后，将试卷和答题卡一并交回。",
        "一、现代文阅读(36分)",
        "(一)论述类文本阅读(本题共3小题，9分)",
        "阅读下面的文字，完成1～3题。",
        "应制文学并非文学主流，但它确实流淌在浩瀚的中国古代文学的长河之中。以诗为例，南",
        "姓",
        "北朝沈约有《三日侍凤光殿曲水宴应制诗》，宋欧阳修有《观龙图阁三圣御书应制》，清纳兰性德",
        "有《拟冬日景忠山应制》，等等。就体类而言，汉大赋、永明体、宫体诗、骈文、花间词、西昆体、台",
        "阁体、八股文等诸体堪称代表。就传统评判标准（兼具思想性和艺术性）而言，应制文学常常是",
        "被否定的，但客观理性分析，这类文学在中国文学发展史上仍占重要地位，具有经典特质，也是",
        "宝贵的文学遗产。",
        "丹纳认为文学经典作品有两个最主要的思想特征：一是最高尚的心灵达到了其时代的最高",
        "真理，二是表现了人类共同的感情。应制文学就具有这样的特质。比如汉赋实质上是对汉一代",
        "人精神特质的把握，它体现了汉代鼎盛时期那种积极进取，蓬勃向上的主流文化精神。仪平策",
        "说，汉大赋“较全面地展现了天没王朝大一统的社会意志以及士人阶层兴造功业’的文化心",
        "态”。从根本上说，汉大赋就是宏大广阔、统一强盛的汉代社会现实和士人文化心态的一种文学",
        "反映，而并非单单满足统治者需要的“庙堂文学”",
        "班级",
        "从中国古代文学经典的实际情况来看，艺术审美要素主要表现在两个方面：一是高扬审美",
        "理想，一是艺术表现方式具有开创性或独特性。前者要求思想境界的崇高和艺术趣味的高雅",
        "体现艺术作品的追求和品位：后者要求艺术表现方式的开拓和创新，使作品内容得到完美而恰",
        "到好处的表现。可以说，应制文学在新的文学理论研究语境及视角中，不仅具有传统评价中的",
        "“雅俗结合的典范”“文采繁华”“音乐美感”等价值，而且它在一定程度上再现了当时的社会经济",
        "状况，也影响着后继文化与文学传承。比如骑文，它整齐的句式，华美的词藻、对称的结构等特",
        "点将形式美的规律在文学中的应用推向了一个新的阶段。就应制文学作家而言，司马相如、沈",
        "约、谢眺、温庭筠、韦庄等，他们对文学创新的探索与贡献都不可低估，他们作品的审美价值也比",
        "较高，甚至还得到了文学史家的责昧。",
        "应制文学涵括内容较为广泛，每一种文体都有其诞生的特定背景，同时它对民族文化精神，",
        "特别是审美精神的锻造产生了深远影响。比如宋初“开国文明气象”为“西昆体”诞生提供了丰",
        "学",
        "厚的土壤。花间派词人所追求的婉丽柔密，妩媚温馨的艳婉美、阴柔美多为后世所借鉴——宋",
        "代词家晏殊、柳永，欧阳修、晏几道、秦观、周邦彦乃至李清照等都借鉴了花间词凄婉柔美，缠绵",
        "11月半期考试·语文第1页",
        "命题人：成都石室中学语文各课组"
    ],
    "runs": 3,
    "total_chars": 3912
}