{
    "avg_inference_ms": 420.21196349999997,
    "chars_per_second": 621.1151101603513,
    "filename": "image_17.png",
    "fps": 2.3797513799247176,
    "rec_scores": [
        0.9912369847297668,
        0.995755136013031,
        0.9197180271148682,
        0.9868476390838623,
        0.9841159582138062,
        0.976895809173584,
        0.9886573553085327,
        0.9237461090087891,
        0.966892659664154,
        0.9566020965576172,
        0.9733380675315857
    ],
    "rec_texts": [
        "晓出净慈寺送林子方",
        "宋杨万里",
        "毕竟西湖六月中，",
        "风光不与四时同。",
        "接天莲叶无穷碧，",
        "映日荷花别样红。",
        "四时田园杂兴宋范成大",
        "昼出耘田夜绩麻，",
        "村庄儿女各当家。",
        "童孙未解供耕织，",
        "也傍桑阴学种瓜。"
    ],
    "runs": 3,
    "total_chars": 261
}