{
    "avg_inference_ms": 420.21196349999997,
    "chars_per_second": 3012.7652469846926,
    "filename": "image_10.png",
    "fps": 2.3797513799247176,
    "rec_scores": [
        0.4708094596862793,
        0.9977008104324341,
        0.9998453259468079,
        0.998100221157074,
        0.9992631673812866,
        0.9974839091300964,
        0.9981185793876648,
        0.9971398711204529,
        0.9865701198577881,
        0.9932252168655396,
        0.9942675232887268,
        0.9916415214538574,
        0.9964764714241028,
        0.9963975548744202,
        0.9963833689689636,
        0.9993876218795776,
        0.9971086978912354,
        0.9990963935852051,
        0.9869073033332825,
        0.9982176423072815
    ],
    "rec_texts": [
        "—",
        "主权的形成和性质",
        "主权的形成",
        "在主权这个概念明确提出来之前，政治统治中的最高权",
        "力曾以各种形式在历史上出现过。主权是这种政治统治权发",
        "展到一定阶段的产物。",
        "国家和国家权力的产生与阶级的产生有密切的关系。在",
        "原始社会，不存在作为一个阶级统治另一个阶级、具有压迫和",
        "强制性质的公共权力，只有相对较高的社会权威。史诗《吉尔",
        "伽美什和阿伽》反映出公元前三世纪幼发拉底河和底斯里斯",
        "河流域南部军事民主制的状况，其中有这样的描写：吉尔伽美",
        "什和阿伽都是“王”，即部落军事领袖，在决定重大问题时，他",
        "们必须向长老征求意见。可见，长老会比“王”们享有更高的",
        "权威。后来，随着社会经济的发展，军事领袖和部落中的贵族",
        "在战争中变得富有了。随着他们财富的聚敛，他们的权力日",
        "益扩大。生产力的发展和私有制的产生造成了阶级和阶级的",
        "对立，原始社会崩溃了，进入了奴隶社会，权力的性质也随之",
        "发生了变化。",
        "虽然原始社会和奴隶社会均有一种最高性质的权力，但",
        "是这是两种不同性质的权力。在原始社会中，氏族首领的权"
    ],
    "runs": 3,
    "total_chars": 1266
}