{
    "avg_inference_ms": 420.21196349999997,
    "chars_per_second": 71.39254139774152,
    "filename": "image_5.png",
    "fps": 2.3797513799247176,
    "rec_scores": [
        0.9983330368995667,
        0.9941924214363098,
        0.9362943172454834
    ],
    "rec_texts": [
        "君缘2018",
        "私房菜",
        "TEL33636717"
    ],
    "runs": 3,
    "total_chars": 30
}