{
    "avg_inference_ms": 420.21196349999997,
    "chars_per_second": 471.19077322509406,
    "filename": "image_13.png",
    "fps": 2.3797513799247176,
    "rec_scores": [
        0.9975829720497131,
        0.9872910976409912,
        0.9891178011894226,
        0.9957917928695679,
        0.9976138472557068,
        0.9850953221321106,
        0.9988327026367188,
        0.9861364364624023
    ],
    "rec_texts": [
        "每天都在练字",
        "但字没有写得很好",
        "更多的是一种情怀",
        "希望在笔与纸的碰撞中",
        "能找回真正的自己",
        "在这浮躁匆忙的日子里",
        "让心安静下来",
        "享受片刻的宁静与清澈"
    ],
    "runs": 3,
    "total_chars": 198
}