{
    "avg_inference_ms": 420.21196349999997,
    "chars_per_second": 368.86146388833123,
    "filename": "image_2.png",
    "fps": 2.3797513799247176,
    "rec_scores": [
        0.7212671041488647,
        0.9647932648658752,
        0.8792933821678162,
        0.4242393970489502,
        0.8919336199760437,
        0.6819397211074829,
        0.5053454041481018
    ],
    "rec_texts": [
        "ZW",
        "紫微小吃",
        "监控系统",
        "上海印“大不”舒您",
        "马路不乱拿，车辆不乱停：",
        "垃极不乱扔，光物不抗：",
        "餐食不来费，守手不插队"
    ],
    "runs": 3,
    "total_chars": 155
}