{
    "avg_inference_ms": 420.21196349999997,
    "chars_per_second": 5597.1752455829355,
    "filename": "image_12.png",
    "fps": 2.3797513799247176,
    "rec_scores": [
        0.9562132358551025,
        0.9303598999977112,
        0.9504995942115784,
        0.9061729907989502,
        0.9609286785125732,
        0.9931568503379822,
        0.9991328120231628,
        0.9992572069168091,
        0.9876194000244141,
        0.9723486304283142,
        0.9725345969200134,
        0.998243510723114,
        0.9988545775413513,
        0.5078030824661255,
        0.997339129447937,
        0.9966402053833008,
        0.9972681999206543,
        0.9317045211791992,
        0.9618952870368958,
        0.9895838499069214,
        0.9946009516716003,
        0.9843111634254456,
        0.9981991648674011,
        0.9699824452400208,
        0.9894832968711853,
        0.9781509041786194,
        0.9982132315635681,
        0.9984568357467651,
        0.9268417358398438,
        0.9970110654830933,
        0.9637295603752136,
        0.978754460811615,
        0.9948601126670837,
        0.9397605061531067,
        0.9919241666793823,
        0.9987601041793823,
        0.9590316414833069,
        0.96578049659729,
        0.9960358142852783,
        0.997570276260376,
        0.9735739231109619,
        0.9971103668212891,
        0.9917008876800537,
        0.9905247092247009,
        0.9976486563682556,
        0.9980073571205139,
        0.997983455657959,
        0.9924333095550537,
        0.9968026876449585,
        0.9961379766464233,
        0.999362051486969
    ],
    "rec_texts": [
        "南方日报社出版国内统一刊号：CN44-0001第24330号",
        "新闻报科·广告020—87360888",
        "发行服务热线：4008-921-921",
        "南方日報",
        "NANFANG DAILY",
        "1949年10月23日创刊",
        "1978~2018",
        "高度",
        "决定影响力",
        "广东改革开放40周年展览1978-2018",
        "(1978-2018)广东改革开放40周年展览合影留念",
        "坚定不移走改革开放这条",
        "正确之路，强国之路，富民之路。",
        "tinn",
        "改革开放，是我们党的历史上一次伟大觉醒，孕育了新时期从理论到实践的伟大创造。谨以此展献给改革开放40周年！",
        "深圳改革开放展览馆",
        "“大潮起珠江”改革开放主题展",
        "l⚫广东濒临南海，毗邻港澳，华侨众多，自",
        "党的十八大开启了中国特色社会主义新时代",
        "大潮起珠江，历史选择了广东，广东无愧",
        "古就是我国对外经济和文化交流的重要窗",
        "，以习近平同志为核心的党中央继续高举改",
        "于历史。广东在改革开放大潮的洗礼中焕",
        "口。近代以来，广东人更是屡开风气之先",
        "革开放伟大旗帜，敏锐把握新时代社会主要",
        "发新生，从一个经济落后的边陲省份，一",
        "，走出了一大批引领变革图强的时代先驱",
        "矛盾变化对改革发展提出的新要求，以更大",
        "跃成为全国第一经济大省，以开放自信",
        "。党的十一届三中全会的强劲东风，在南",
        "的政治勇气和智慧推进全面深化改革、扩大",
        "充满活力的崭新姿态走向世界、迈向现代",
        "海之滨掀起了思想解放的大潮。",
        "开放，完善和发展中国特色社会主义制度，",
        "化。",
        "推进国家治理体系和治理能力现代化。",
        "·面对“什么是社会主义、怎样建设社会主",
        "义”这一时代之问，拥有独特人缘地缘优",
        "本展览按历史进程分为“一、敢为人先勇",
        "势和“敢为人先”文化基因的广东，把握",
        "立潮头”、“二、增创优势砥砺前行”、",
        "历史脉搏，改革开放先行一步，率先创办",
        "“三、走在前列当好窗口”三个阶段，生",
        "特区，为探索社会主义中国“富起来”之",
        "动展现了波澜壮阔的改革开放历史。改革开",
        "路发挥排头兵、先行地、实验区作用。每",
        "放，是我们党的历史上一次伟大觉醒，正是",
        "当历史紧要关头，广东都会得到党中央的",
        "这个伟大觉醒，孕育了新时期从理论到实践",
        "亲切关怀和大力支持。",
        "的伟大创造。"
    ],
    "runs": 3,
    "total_chars": 2352
}