{
    "avg_inference_ms": 420.21196349999997,
    "chars_per_second": 395.03872906750314,
    "filename": "image_16.png",
    "fps": 2.3797513799247176,
    "rec_scores": [
        0.9843012690544128,
        0.937211275100708,
        0.9854306578636169,
        0.9376116394996643,
        0.9858253598213196,
        0.9518114924430847,
        0.9126970767974854,
        0.9943984150886536,
        0.8527140617370605
    ],
    "rec_texts": [
        "我和谁都不争，",
        "和谁争我都不屑;",
        "我爱大自然，",
        "其次就是艺术；",
        "我双手烤着，",
        "生命之火取暖；",
        "火萎了，",
        "我也准备走了。",
        "——蓝德"
    ],
    "runs": 3,
    "total_chars": 166
}