{
    "avg_inference_ms": 420.21196349999997,
    "chars_per_second": 5654.289278701129,
    "filename": "image_9.png",
    "fps": 2.3797513799247176,
    "rec_scores": [
        0.9959353804588318,
        0.6199818253517151,
        0.9983447790145874,
        0.9908022284507751,
        0.9982926845550537,
        0.999355137348175,
        0.9950774312019348,
        0.9993748068809509,
        0.9986239075660706,
        0.9979408979415894,
        0.9984569549560547,
        0.9996007680892944,
        0.9978293180465698,
        0.996735155582428,
        0.9961699843406677,
        0.9962586164474487,
        0.9927571415901184,
        0.9951748251914978,
        0.9627001285552979,
        0.9798373579978943,
        0.9963690638542175,
        0.9060786366462708,
        0.90055251121521,
        0.937085747718811,
        0.8866657614707947,
        0.9946117401123047,
        0.9876682758331299,
        0.9664095044136047,
        0.9715314507484436,
        0.9936277270317078,
        0.9268471598625183,
        0.8974603414535522,
        0.9163708686828613,
        0.9836244583129883,
        0.9936099648475647,
        0.9978053569793701,
        0.9937564134597778,
        0.9015108942985535,
        0.994326114654541,
        0.93612140417099,
        0.9052380323410034,
        0.9972530007362366,
        0.9652609825134277
    ],
    "rec_texts": [
        "21世纪教育",
        "wwwzicnv.com",
        "中小学教育资源及组卷应用平台",
        "广安市2024年初中学业水平考试试题",
        "语文",
        "注意事项：",
        "1.本试卷分为试题卷（1-8页）和答题卡两部分。考试时间120分钟，满分120分。",
        "2.考生答题前，请先将姓名、准考证号等信息用黑色墨迹签字笔填写在答题卡上的指定",
        "位置，待监考老师粘贴条形码后，认真核对条形码上的姓名、准考证号与自己的准考证",
        "上的信息是否一致。",
        "3.请将选择题答案用2B铅笔填涂在答题卡上相应的位置，非选择题答案用0.5毫米黑",
        "色墨迹签字笔答在答题卡上的相应位置。超出答题区域书写的答案无效，在草稿纸、试",
        "题卷上答题无效。",
        "4.考试结束，监考人员必须将参考学生和缺考学生的答题卡、试题卷一并收回。",
        "一、积累与运用（33分）",
        "（一）选择题（1-6题，每小题2分，共12分）",
        "1.下列情境中，加点字的字音和字形完全正确的一项是（）",
        "端午刚过，夏至将至。初夏之校园①静谧（mi）悠然，万物并秀。我们如百卉之初绽，精神焕发，",
        "踌躇满志，踏入考场，迎接挑战；我们如朝阳之喷薄，胸有成竹，浏览试卷，仔细②斟灼（zhēngzuo)，",
        "③酝酿（liàng）答案；我们如泰山之沉稳，心无④旁（wù），完成试卷，精益求精，书写灿烂。",
        "我们将以优异的成绩，去拥抱更美好的明天！",
        "A. ①",
        "B. ②",
        "C. ③",
        "D. ④",
        "2.下列情境中，加点成语使用不恰当的一项是（）",
        "新时代，新征程，新使命，新业绩。广安市文旅事业蓬勃发展，取得了令人瞩目的成绩：华鉴山",
        "青峰绵延，奇石嶙峋，登临绝顶，令人①心旷神怡；天意谷洞中天河，悬泉飞瀑，②巧夺天工，令人",
        "③叹为观止；小平故里兰白菊黄，松青柏翠，静穆庄严，令人肃然起敬……中外游客④络绎不绝，广",
        "安人民倍感骄傲和自豪！",
        "A. ①",
        "B. ②",
        "C. ③",
        "D.④",
        "3.下列语境中，没有语病的一项是（）",
        "①学生安全是否得到保障，关键在于思想认识到位。②严禁不要忽视学校的各项安全制度。③只",
        "有遵守各项安全制度，就能更好地成长。④安全无小事，责任重于泰山。",
        "A. ①",
        "B.②",
        "C. ③",
        "D. ④",
        "4.下列情境中，标点符号使用规范的一项是（）",
        "21世纪教育网(www.21cnjy.com)"
    ],
    "runs": 3,
    "total_chars": 2376
}