{
    "avg_inference_ms": 420.21196349999997,
    "chars_per_second": 5059.3514337199495,
    "filename": "image_14.png",
    "fps": 2.3797513799247176,
    "rec_scores": [
        0.9999537467956543,
        0.9991558790206909,
        0.9992539286613464,
        0.995171844959259,
        0.967452347278595,
        0.9540970921516418,
        0.9778926968574524,
        0.9997676014900208,
        0.9964523315429688,
        0.9981818199157715,
        0.9997971653938293,
        0.993672788143158,
        0.9939102530479431,
        0.9947722554206848,
        0.9982594847679138,
        0.9980682134628296,
        0.9992461204528809,
        0.9981330633163452,
        0.9986477494239807,
        0.9888883233070374,
        0.973299503326416,
        0.986957848072052,
        0.9967259764671326,
        0.987185001373291,
        0.9789068102836609,
        0.9909521341323853,
        0.9796957969665527,
        0.998964786529541,
        0.9977433085441589,
        0.9957779049873352,
        0.998171865940094,
        0.9687383770942688,
        0.9734317660331726,
        0.9803947806358337,
        0.9855281114578247,
        0.9998131394386292,
        0.9981275200843811,
        0.9972271919250488,
        0.9990627765655518,
        0.9972524046897888,
        0.9972472190856934,
        0.9990544319152832,
        0.9839431643486023,
        0.9855159521102905,
        0.9985440373420715,
        0.9902844429016113,
        0.9994989037513733,
        0.9747465252876282,
        0.9987962245941162
    ],
    "rec_texts": [
        "第一章",
        "社会保障的制度结构",
        "第二节中国社会保障体系的项目构成",
        "中国的社会保障体系由四大部分组成：社会保险基本保障，保障劳动者因失去",
        "劳动能力从而失去工资后仍能维持基本生活：社会救助—一最低层次的社会保障，保障社",
        "会成员的生存需要；社会福利—一增进城乡全体居民生活福利的高层次社会保障：社会优",
        "抚一特殊性质的社会保障，保障为社会做出贡献和牺牲的军人及其脊属的基本生活。社",
        "会保障制度的这几个组成部分构成一个相对完整的社会安全网络。中国社会保障制度项",
        "目构成如图1-2所示。",
        "社会保障制度",
        "社会保险制度",
        "社会救助制度",
        "社会福利制度",
        "社会优抚体系",
        "基本养老保险",
        "失业保险",
        "基本医疗保险",
        "工伤保险",
        "长期护理保险",
        "最低生活保障",
        "特困人员救助供养",
        "受灾人员救助",
        "医疗救助",
        "教育救助",
        "住房救助",
        "就业救助",
        "临时救助",
        "公共福利",
        "用人单位福利",
        "选择性福利",
        "民政福利",
        "退伍军人就业安置",
        "现役军人及其家属优待",
        "伤残烈属抚恤",
        "军人退休生活保障",
        "资金保障",
        "政策、财政支持",
        "服务供给",
        "社区落实",
        "图1-2中国社会保障制度项目构成",
        "一、社会保险",
        "社会保险是一种为丧失劳动能力或暂时失去劳动岗位的人提供的收入保险计划",
        "由政府举办，强制从业职工在其就业年份里拨出一部分收入缴纳保险税（费)作为保险基",
        "金，投保者缴纳社会保险税（费)满一定期限后，一旦由于保险计划规定的原因丧失劳动能",
        "力或失去工作岗位而导致收入中断或减少时，即可按照规定领取保险津贴。社会保险项目",
        "主要有：养老保险、失业保险、医疗保险、工伤保险、长期护理保险等。",
        "社会保险是社会保障体系的主体和发展重点。原因在于社会保险覆盖的对象是创造",
        "社会财富、决定经济增长的人口群体—一劳动者，具体地说包括从事第一产业、第二产业、",
        "第三产业的农民、工人和各种各样的服务工作者以及国家与地方的公务员，一般不包括那"
    ],
    "runs": 3,
    "total_chars": 2126
}