{
    "avg_inference_ms": 420.21196349999997,
    "chars_per_second": 2665.3215455156837,
    "filename": "image_7.png",
    "fps": 2.3797513799247176,
    "rec_scores": [
        0.9940809011459351,
        0.9320335388183594,
        0.9468637108802795,
        0.9483145475387573,
        0.9873608946800232,
        0.9744703769683838,
        0.8805505037307739,
        0.35294070839881897,
        0.7419450879096985,
        0.8600811958312988,
        0.9177805781364441,
        0.8853400945663452,
        0.9284130930900574,
        0.9586969017982483,
        0.7786151766777039,
        0.6669763326644897,
        0.9762041568756104,
        0.8325129747390747,
        0.7780207991600037
    ],
    "rec_texts": [
        "十、阅读下面的一段话，完成段后的习题。",
        "你一小时能走多远？6公里？4公里？还是4米？“4米？”你",
        "也许会说，“那太慢了，简直像蜗牛一样！”你说得不错，有一种在地",
        "上生活的蜗牛一小时只能走大约4米，跟人比起来，这真是够慢的。",
        "但人要是背着房子走，也许就不会这么想了。而蜗牛恰恰是背着“房",
        "子”爬行的。它的“房子”就是贴在它背部中央的那只壳",
        "1.蜗牛爬行有两个特(1)蜗爬行的速度漫",
        "：",
        "(2) 蜗件是背着房子爬行的",
        "_。(2分)",
        "2.这段话用列数字、举例子比方法说明蜗牛爬行的速度慢，",
        "用作比较的说明方法说明蜗牛背着壳爬行。(1分)",
        "3.文中比”的词“只”“大约”去掉后，句子也是完整的，可",
        "以去掉吗？为什么？(3分)",
        "容：不能去掉，突出不了说用文的准确处性，科学性.严谨性",
        "说明虽爬他行速度慢",
        "4.这段话开头连用五个问句，这样开头有何妙处？(2分)",
        "答：这运用了反问。为了增强语气，强调了蜗中爬行漫。",
        "引起读者思考注意，引出下文"
    ],
    "runs": 3,
    "total_chars": 1120
}