{
    "avg_inference_ms": 420.21196349999997,
    "chars_per_second": 6668.063366549059,
    "filename": "image_11.png",
    "fps": 2.3797513799247176,
    "rec_scores": [
        0.9914035797119141,
        0.9960339069366455,
        0.9977009892463684,
        0.9923338294029236,
        0.986732006072998,
        0.9930594563484192,
        0.9812846183776855,
        0.9974021315574646,
        0.9644012451171875,
        0.9860870242118835,
        0.8932119607925415,
        0.9915403127670288,
        0.9960224628448486,
        0.9838715195655823,
        0.9944695234298706,
        0.9992042183876038,
        0.9654849767684937,
        0.9984388947486877,
        0.9788653254508972,
        0.9894543886184692,
        0.9824515581130981,
        0.9816608428955078,
        0.9795074462890625,
        0.9985877871513367,
        0.9945096373558044,
        0.9911311864852905,
        0.9995570778846741,
        0.9958248138427734,
        0.9992747902870178,
        0.9726585745811462,
        0.9994339942932129,
        0.9970744252204895,
        0.9978806972503662,
        0.9936754107475281,
        0.9861229062080383,
        0.994424045085907,
        0.9990773797035217,
        0.9873470067977905,
        0.9928305745124817,
        0.9901975989341736,
        0.9864876866340637,
        0.9913212656974792,
        0.9777171611785889,
        0.9608997106552124,
        0.9402161836624146
    ],
    "rec_texts": [
        "共同开辟和平、安全、繁荣、进步的光明前景",
        "解码全球治理倡议的世界意义",
        "本报记者龚",
        "鸣屈佩",
        "“我愿提出全球治理倡议，同各国一道，推动构建更加",
        "多极化、国际关系民主化的时代大势，顺应各国人民求和平",
        "公正合理的全球治理体系，携手迈向人类命运共同体。\"9月",
        "谋发展、促合作的共同呼声。",
        "1日，习近平主席在天津主持“上海合作组织+”会议并发表",
        "全球治理格局取决于国际力量对比，全球治理体系变革",
        "重要讲话，郑重提出全球治理倡议。",
        "源于国际力量对比变化。随着国际力量对比消长变化和全球",
        "全球治理倡议是继全球发展倡议、全球安全倡议、全球文",
        "性挑战目益增多，加强全球治理、推动全球治理体系变革是大",
        "明倡议后，中国为世界贡献的又一重要国际公共产品。奉行",
        "势所趋。",
        "主权平等，遵守国际法治，践行多边主义，倡导以人为本，注重",
        "“全球经济治理体系必须反映世界经济格局的深刻变化",
        "行动导向，全球治理倡议聚焦“构建什么样的全球治理体系",
        "增加新兴市场国家和发展中国家的代表性和发言权。\"2013年",
        "如何改革完善全球治理\"这个时代课题，以维护联合国宪章宗",
        "3月，习近平主席在接受金砖国家媒体联合采访时指出：",
        "旨和原则，践行共商共建共享的全球治理观为基本遵循，展现",
        "“新兴市场国家和发展中国家希望全球经济治理体系更完",
        "中国坚定做世界和平的建设者、全球发展的贡献者、国际秩序",
        "善、更符合世界生产力发展要求、更有利于世界各国共同",
        "的维护者的大国胸怀与担当。",
        "发展。",
        "全球治理体制变革离不开理念的引领。2015年10月，",
        "“坚持在历史前进的逻辑中前进",
        "中共中央政治局就全球治理格局和全球治理体制进行集体",
        "在时代发展的潮流中发展”",
        "学习，习近平总书记创造性提出共商共建共享的全球治理",
        "理念，为全球治理体系变革阐明基本原则。",
        "构建什么样的全球治理体系、如何改革完善全球治理",
        "共商共建共享，意味着全球治理的事情大家一起商量着",
        "始终是习近平主席心之所系。",
        "办，更加完善的全球治理体系大家一起建设，由此产生的成果",
        "“历史告诉我们，越是困难时刻，越要秉持和平共处的",
        "由大家一起分享。“这一理念彰显中国领导人的全球视野和政",
        "初心，坚定合作共赢的信心，坚持在历史前进的逻辑中前进、",
        "治智慧，有利于强化各国的命运共同体意识，通过协商合作应",
        "在时代发展的潮流中发展。\"全球治理倡议的提出，顺应世界",
        "对挑战。”国际人士如是评价。",
        "（下转第三版）"
    ],
    "runs": 3,
    "total_chars": 2802
}