{
    "avg_inference_ms": 420.21196349999997,
    "chars_per_second": 326.0259390496863,
    "filename": "image_4.png",
    "fps": 2.3797513799247176,
    "rec_scores": [
        0.9094988107681274,
        0.9939819574356079,
        0.8504440188407898,
        0.9904270172119141,
        0.9844280481338501,
        0.9461070895195007,
        0.9850622415542603
    ],
    "rec_texts": [
        "监控报警器",
        "保家为民",
        "Baojiaweimin",
        "安防",
        "保家为民电子安防器材",
        "电话：0757-88322533 18666371688",
        "厂家直销佛山第2分店"
    ],
    "runs": 3,
    "total_chars": 137
}