{
    "avg_inference_ms": 420.21196349999997,
    "chars_per_second": 2977.068976285822,
    "filename": "image_8.png",
    "fps": 2.3797513799247176,
    "rec_scores": [
        0.9988853335380554,
        0.9947908520698547,
        0.9983887672424316,
        0.8912112712860107,
        0.9927247166633606,
        0.9973624348640442,
        0.9938589930534363,
        0.9058127403259277,
        0.39612388610839844,
        0.9943296313285828,
        0.9637725949287415,
        0.9944716691970825,
        0.9621318578720093,
        0.8659794330596924,
        0.9903604984283447,
        0.9744687676429749,
        0.9836738705635071,
        0.9942720532417297,
        0.9864558577537537,
        0.9922407865524292,
        0.9841326475143433,
        0.9960485696792603,
        0.9958040714263916,
        0.9459611773490906,
        0.970991849899292,
        0.9903569221496582,
        0.9895707368850708,
        0.9735217690467834,
        0.996365487575531,
        0.9793407917022705,
        0.9908536076545715,
        0.9366925358772278,
        0.9932172298431396,
        0.8827744126319885
    ],
    "rec_texts": [
        "2019年普通高等学校招生全国统一考试",
        "语文试题参考答案",
        "一、现代文阅读",
        "(一)",
        "1.B",
        "2.D",
        "3.D",
        "(二)",
        "201",
        "4.A",
        "5.C",
        "6.①档案文件形成的年代久远；②档案文件的纸张严重酸化；③毛里求斯的气候",
        "湿热多雨，不利于档案文件的保存。",
        "(三)",
        "7.D",
        "8.①形象描写。将禹及其随员描写为“乞丐似的大汉”，写出艰苦卓绝的实干家",
        "形象。②言行描写。文中的禹坚毅寡言，一旦说话，则刚直有力。③对比手法。始终在",
        "同众大员的对比中塑造禹及其随员，从而凸显其“中国的脊梁”形象。",
        "9.①大禹治水的“故事”本身于史有据，作品查考典籍博采文献，富有历史韵味；",
        "②“新编”表现为新的历史讲述方式，如细节虚构、现代语词掺入、杂文笔法使用，作",
        "品充满想象力及创造性；③对“故事”进行“新编”，着眼于对历史与现实均作出观照，",
        "作品具有深刻的思想性。",
        "二、古代诗文阅读",
        "(一)",
        "10.C",
        "11.A",
        "12.C",
        "13.（1)于是说贾谊坏话道：“洛阳之人，年轻学浅，一味想独揽权力，使事情变",
        "得复杂混乱。",
        "(2)贾生屡次上奏，说诸侯封地有的接连数郡，不合古代制度，可以逐渐削减",
        "其封地。",
        "(二)",
        "14.C",
        "-11-"
    ],
    "runs": 3,
    "total_chars": 1251
}